contract_id,stars,expected_stars_structural,operational_residual,poverty_exposure,rural_exposure,hpsa_exposure,hhi,entropy,top1_share,top5_share,n_counties,total_enrollment,log_enroll,year_2025
H0028,3.5,3.990395923925931,-0.4903959239259308,12.106836280785503,0.04981555820765978,3.7227337770222833,0.03426889953936811,4.100433836180676,0.12158511446240643,0.3320386242812195,225.0,368680.0,12.8176843381076,1
H0107,3.5,3.8322119835002892,-0.33221198350028924,12.487413530148705,0.14870090963560106,2.0311951696306827,0.027109527312251972,4.266684499871581,0.06435845768434811,0.27266909922666377,345.0,73448.0,11.204332951823536,0
H0107,3.5,3.830889627388683,-0.3308896273886832,11.93645997284665,0.14424913794139194,2.0328373201965024,0.027171120530407628,4.297218207270596,0.07578906897670339,0.27864617750597737,363.0,83231.0,11.329375153566437,1
H0174,3.5,3.8908458665995704,-0.39084586659957044,13.978793113630989,0.03298488069926765,1.0645523269548784,0.15801285098635812,2.4906763431482206,0.3250059059768486,0.6999025513819985,49.0,67728.0,11.123254962760704,1
H0270,3.5,3.252789670071873,0.24721032992812697,16.280165289256196,0.36363636363636365,0.0,0.21387712587937982,1.7219010553883616,0.3512396694214876,0.8946280991735537,7.0,484.0,6.182084906716632,1
H0294,3.5,3.984332287575657,-0.48433228757565683,11.259564239745677,0.18482099431157345,1.9573680284014292,0.02797204832432769,4.112547809845532,0.08493871020039896,0.2912587141477581,129.0,141867.0,11.862645277962761,0
H0302,3.5,3.5020192440753712,-0.0020192440753712404,10.69788674599918,0.0,13.560320191009877,0.7258573439074845,0.5388112217229334,0.8448570646970319,1.0,3.0,29244.0,10.283429703413207,1
H0321,3.5,3.5736280413093473,-0.0736280413093473,12.160973340738682,0.018328242154956955,13.725615076818396,0.4775324659500536,1.0388854933406055,0.6388919744515412,0.9749514023882255,15.0,72020.0,11.184699137202866,0
H0321,3.5,3.5499918142048403,-0.049991814204840335,11.564344402601847,0.018158735592833503,13.726447523336427,0.47435339143152555,1.045798714015037,0.636311765377154,0.974566358553007,15.0,70104.0,11.157735132735686,1
H0422,3.5,3.372649714235419,0.12735028576458118,8.742949756888168,0.0,0.0,0.2529282432641868,1.566173163704052,0.4165316045380875,0.9448946515397083,6.0,617.0,6.424869023905388,0
H0423,3.5,3.5830216689382546,-0.08302166893825458,19.257266896891963,0.0,0.0,0.2599132821853182,1.4012937367935776,0.3448445979279724,0.9999999999999999,5.0,10135.0,9.2237500588861,0
H0432,3.5,3.7619803590580543,-0.2619803590580543,16.80926107851207,0.3228765632052679,3.3935427342484665,0.04036041323546822,3.693315210165908,0.1156440007434352,0.3602209064599209,67.0,75326.0,11.229580639715225,1
H0473,3.5,3.7318502468415926,-0.2318502468415926,14.44650809981342,0.36322737021988954,4.561215059201006,0.026379084912221355,4.048687302895027,0.0709365790712679,0.28010183619021045,107.0,57347.0,10.95687581081439,0
H0504,3.5,3.8467858289000607,-0.3467858289000607,12.407521893244368,0.0,4.45209401950778,0.23079782028956145,1.8692249645398955,0.3726803586321935,0.8419516263552962,15.0,76736.0,11.248126238387187,0
H0504,3.5,3.8041898789283497,-0.3041898789283497,12.101056146500664,0.0,4.3337925266048805,0.23876706104767106,1.8488236748911275,0.37341351384020305,0.8465490148676418,15.0,66184.0,11.100194020870019,1
H0543,3.5,4.056660435761436,-0.5566604357614358,11.603495600365058,0.018786699498906552,3.996145122409935,0.12525409334872953,2.5234447256848287,0.2363261182764222,0.7368800188268788,36.0,348438.0,12.761215588047223,0
H0543,3.5,4.007769225633107,-0.5077692256331066,11.464061755364574,0.017351504703297268,4.204433698301808,0.13866201229450537,2.371180077148661,0.244242019107445,0.7828934953446793,34.0,312653.0,12.65284922834362,1
H0624,3.5,3.6778271092554906,-0.1778271092554906,10.89647555740202,0.138138761944329,3.782994045146102,0.08008044191531491,2.8731681808632117,0.1371693671236671,0.5491275446614041,54.0,28884.0,10.271043087571073,1
H0712,3.5,3.647168627220416,-0.1471686272204158,12.914414414414418,0.12612612612612614,0.0,0.23362254639496463,1.6838618538467773,0.3003432494279176,0.9108981693363845,12.0,6992.0,8.852521917335372,0
H0755,3.5,3.954104430114058,-0.4541044301140582,9.66794167161814,0.0,1.0467222379203165,0.06963439839335972,2.869801141979823,0.13857021757558632,0.4822831308279175,25.0,70780.0,11.167331753899454,0
H0885,3.5,3.9022989584356718,-0.40229895843567176,9.379309665988579,0.0005687162324736969,1.343285867401623,0.10682807514688747,2.6196580523517845,0.23872957543145876,0.6253253713060787,30.0,45717.0,10.73022549895797,0
H0885,3.5,3.8936965460843576,-0.39369654608435756,9.122697612479785,0.000456577570626843,1.484733187482165,0.10941300570199904,2.5865704508481264,0.2408066203747741,0.6339389327499286,32.0,52565.0,10.869805778009932,1
H0907,3.5,3.665036049844632,-0.16503604984463216,11.306759418862336,0.4828859886727406,1.1132725929573997,0.04377393359977408,3.901374969755549,0.1403595173602561,0.36345727653287363,98.0,8122.0,9.002331708246244,0
H0907,3.5,3.6091076358714838,-0.10910763587148375,11.4446251259174,0.44481220319470405,0.9774068211253417,0.05224651258792938,3.7698364526719006,0.14520074830910923,0.4002014678370989,95.0,6949.0,8.846353043314327,1
H0908,3.5,3.6274281982295657,-0.12742819822956575,13.473003521991972,0.24490130231796214,0.5333770169547056,0.03814274230199109,3.8132399050400156,0.11122942091899418,0.36440330903431895,83.0,12209.0,9.409928663668856,1
H0913,3.5,3.652141161279055,-0.15214116127905486,10.632429090909094,0.0,1.857890909090909,0.10736695008264463,2.47122362065568,0.17178181818181817,0.692509090909091,20.0,13750.0,9.528794103094718,0
H0978,3.5,3.628467901093851,-0.1284679010938512,12.694814462416744,0.14985727878211227,0.0,0.7451998504437349,0.42246144353015413,0.8501427212178877,1.0,2.0,2102.0,7.650644551436897,1
H1016,3.5,3.8360552059145103,-0.3360552059145103,13.441828860992745,0.0,0.0,0.5009004371659048,0.6992388732456307,0.5314407462858459,1.0,3.0,17366.0,9.76226955062059,0
H1032,3.5,3.931945591398889,-0.4319455913988892,12.696571284052318,0.032769708793988,0.7996844666040418,0.05481282581615141,3.36149504985934,0.1503841799744683,0.4215020353108366,64.0,83034.0,11.327005441453986,0
H1032,3.5,3.871250095250932,-0.3712500952509319,12.52495815995946,0.03324172027821708,0.7579265764866648,0.05548595790393502,3.352359753620946,0.15255876798354037,0.4226227947611663,65.0,65129.0,11.084125197515005,1
H1035,3.5,3.9358680838076947,-0.4358680838076947,11.063724463456005,0.0,0.2583081348182019,0.0633813045352769,3.077978980208665,0.17129581827568405,0.4211225016594144,33.0,67795.0,11.12424372489641,1
H1112,3.5,3.7773270406437494,-0.27732704064374936,14.71407083515521,0.06424719428654713,0.1979594811252004,0.059797671806499475,3.4214068413655436,0.14091240343973183,0.465238303454307,111.0,34305.0,10.443046395124991,0
H1170,3.5,3.8625898333807713,-0.36258983338077133,11.534397013983806,0.0,0.0,0.1274900888656656,2.3024377704901777,0.17792555987803596,0.752865103564294,20.0,38044.0,10.546498663602277,0
H1189,3.5,3.6337572571337233,-0.13375725713372333,14.667684331797236,0.33160522273425497,0.35618279569892475,0.18580632478450973,2.3085561348523704,0.3859447004608295,0.7369431643625193,29.0,5208.0,8.557951183888406,0
H1189,3.5,3.6423945629940127,-0.14239456299401265,13.805798670171642,0.36029070666460494,0.5627029534560074,0.16553293165245767,2.466861915866521,0.36199164991495286,0.6938302149373743,34.0,6467.0,8.774467601446593,1
H1215,3.5,3.5047707847574125,-0.0047707847574125495,11.017950530035337,0.6303886925795052,0.0,0.14098865012673398,2.237266599058457,0.23957597173144876,0.7604240282685512,15.0,1415.0,7.254884810077338,1
H1278,3.5,3.900389353306202,-0.4003893533062022,11.493945409429282,0.1406704617330803,5.087878139251659,0.02783626864048923,4.309416521450042,0.10558069381598793,0.2759499829708558,260.0,205530.0,12.233347287665055,0
H1304,3.5,3.6824442250327194,-0.1824442250327194,10.77110860860861,0.16103603603603606,0.23911411411411412,0.1649160734808883,1.9475540660826267,0.2321071071071071,0.8473473473473474,12.0,7992.0,8.98619632032839,0
H1304,3.5,3.6339414304564417,-0.1339414304564417,10.4066031643526,0.19615757184371974,0.20552147239263804,0.1993180563981788,1.7747829948791578,0.2610590894413949,0.9168550209880529,11.0,6194.0,8.731336360533149,1
H1350,3.5,3.9961376310553622,-0.49613763105536224,10.267687195755627,0.18499425696001756,0.9224005907126839,0.1298906964313904,2.5776360773738065,0.2895586063556309,0.6648389214023956,31.0,73132.0,11.200021306448395,1
H1360,3.5,3.8430280740110083,-0.3430280740110083,12.60929398503945,0.007172866072343478,0.7201557536632852,0.8026426004950687,0.3731450336996849,0.8899477405471872,0.9999999999999999,3.0,9759.0,9.18594521514146,0
H1360,3.5,3.750677315074689,-0.25067731507468904,12.190573248407643,0.014490445859872612,0.7412420382165605,0.7851505639174005,0.41194572006918995,0.8796178343949045,1.0,3.0,6280.0,8.745125259462244,1
H1416,3.5,3.684847445602209,-0.1848474456022089,16.45880464858883,0.27037446965504525,4.3962553034495455,0.0772410380409648,3.8807540209055396,0.2504703929164361,0.42827891532927503,196.0,54210.0,10.900620672254384,1
H1463,3.5,3.8151515879363096,-0.3151515879363096,14.65674273454262,0.3817437097717963,0.5629412912034327,0.1302939341125504,2.8447670046323577,0.30142383460113126,0.6204798127559976,67.0,25635.0,10.1517138842178,1
H1607,3.5,3.6574763881573586,-0.15747638815735865,12.3737935001438,0.24204774230658613,2.3198159332758124,0.03629705342532368,3.8348855147678185,0.09818809318377912,0.33753235547886107,91.0,17385.0,9.763363044441961,0
H1607,3.5,3.590155738802979,-0.090155738802979,12.193545850904151,0.2108498320348795,2.5805875205489235,0.04227727269520462,3.7409932151340617,0.12257880065756557,0.368093774569366,90.0,13991.0,9.546169544733285,1
H1644,3.5,3.294217694157961,0.20578230584203894,11.75435114503817,0.0,0.2687022900763359,0.16193695006118522,2.204071371039724,0.3450381679389313,0.6732824427480916,13.0,655.0,6.484635235635252,1
H1659,3.5,3.179698110834301,0.320301889165699,13.297998665777188,0.18012008005336894,5.924616410940628,0.16894474012250107,1.9704217089269722,0.23949299533022014,0.8358905937291528,10.0,1499.0,7.312553498102598,1
H1774,3.5,3.3244342061767176,0.1755657938232824,9.091719745222932,0.03821656050955414,0.0,0.1895259442573735,1.9365564310269427,0.3057324840764331,0.804140127388535,10.0,628.0,6.4425401664681985,1
H1799,3.5,3.483112326411495,0.01688767358850507,14.966222961730454,0.05213533000554632,0.7132556849694953,0.44355697304886255,1.421636269688515,0.6528008874098724,0.8868552412645591,15.0,1803.0,7.497207223203318,0
H1799,3.5,3.396285799514509,0.10371420048549096,13.7650390625,0.0498046875,0.6923828125,0.4496345520019531,1.3683247329443768,0.6572265625,0.89453125,12.0,1024.0,6.931471805599453,1
H1822,3.5,3.0807970597926264,0.4192029402073736,11.80320557491289,0.0,13.778267033738935,0.4456776214352487,0.889318269797087,0.5296167247386759,1.0,3.0,2870.0,7.962067308753666,1
H1914,3.5,3.5805280707497524,-0.08052807074975243,13.283275109170305,0.28296943231441046,0.0,0.0837987427915399,3.032288343511124,0.1643045484508899,0.548121292023731,51.0,6068.0,8.710784340468424,1
H1944,3.5,3.9223372074717573,-0.4223372074717573,10.826746566296885,0.16204437400950875,2.5836766576463157,0.04284831771980631,3.794156623848446,0.14643863356224687,0.35479397781299526,112.0,90864.0,11.417119162117213,0
H1947,3.5,3.2020449664815738,0.2979550335184262,19.425058823529415,0.17333333333333334,4.270327422606884,0.0453434832756632,3.427228055212305,0.09725490196078432,0.39137254901960783,46.0,2550.0,7.843848638152472,0
H1947,3.5,3.151551961385259,0.34844803861474105,18.86286201022146,0.14423622941510506,3.928738985807784,0.05232720683907528,3.257986447955568,0.10902896081771721,0.41056218057921634,39.0,1761.0,7.473637108496206,1
H1969,3.5,3.536553084399886,-0.036553084399885805,9.260949113779303,0.21097770154373927,1.1709548313321898,0.2750809823206989,1.8235311963311325,0.4705546026300743,0.8147512864493996,15.0,1749.0,7.466799475018602,0
H2032,3.5,3.4698225727102985,0.03017742728970152,11.379093455564043,0.1122994652406417,1.577285459638401,0.0813662039114787,2.7933537867476184,0.17086834733893558,0.5401069518716577,27.0,3927.0,8.27563105457801,1
H2056,3.5,3.667950025957012,-0.16795002595701192,11.788291279327137,0.0,0.08764940239043825,0.19663273030547623,1.8460819419473522,0.3487162461266047,0.8480522355024347,9.0,9036.0,9.108971877587894,1
H2168,3.5,3.4502571141475578,0.04974288585244224,18.603170028818443,0.0,0.0,0.2759978061001316,1.346966530233683,0.3408435944458999,1.0,5.0,3817.0,8.247220052745229,0
H2172,3.5,4.074148960206286,-0.5741489602062861,9.275566340111913,0.0,0.0,0.11711307368150464,2.454968157238739,0.20296796624594823,0.6800608442134617,24.0,110446.0,11.612281992710349,0
H2224,3.5,3.716260986977558,-0.21626098697755802,11.514172041209482,0.0,0.4060641594773432,0.201507964225635,1.7596193671933686,0.3159393584052266,0.898316441913058,8.0,11939.0,9.387565631345389,0
H2224,3.5,3.6747391397835094,-0.1747391397835094,10.488900503658652,0.0,0.4236434476860211,0.18663666900745118,1.805298387759517,0.2779625582058348,0.8720897082581012,8.0,10523.0,9.261318616740812,1
H2225,3.5,3.5151987190621505,-0.015198719062150534,12.656349878934627,0.011682808716707021,6.373020210131486,0.209770283580252,1.8643313705564677,0.37808716707021794,0.8455811138014527,10.0,16520.0,9.71232704707497,1
H2226,3.5,3.762031926249273,-0.2620319262492732,10.654175800558779,0.0006447453255963894,1.1560482808618835,0.1932628857034525,1.8103910883687364,0.2866967547818612,0.8973995271867613,11.0,23265.0,10.05470536427875,1
H2230,3.5,3.858111171744785,-0.35811117174478513,10.416910768709785,0.02662546562817474,3.7752167102057848,0.11498808121393016,2.2707092646155673,0.1822017157692742,0.6428631899762953,14.0,70872.0,11.168630712091868,0
H2230,3.5,3.8600707698990133,-0.3600707698990133,9.631936872309902,0.026910361175223007,3.81330853704729,0.11466899619409773,2.273820496704917,0.18319487064341491,0.6393608262854577,16.0,80166.0,11.291854763816948,1
H2237,3.5,3.5335243567167316,-0.033524356716731596,13.227484505236164,0.1068604402650139,5.166595426373156,0.24362044998682453,2.2079526438770305,0.45811070741611454,0.7612737764479589,39.0,9358.0,9.143986871426161,0
H2237,3.5,3.445563012634527,0.054436987365472866,12.681765122037495,0.11213300318358685,4.915458082773258,0.2403432888355239,2.1604844715602587,0.4368588609833746,0.7720198089847896,35.0,5654.0,8.640118538253535,1
H2246,3.5,3.5300882562802314,-0.030088256280231374,9.18931270241094,0.11982727599856065,0.6344008636200071,0.16538589879035454,2.262656293025117,0.33141417776178483,0.7563871896365599,22.0,2779.0,7.929846429742503,1
H2247,3.5,3.8374247067124294,-0.3374247067124294,15.003248047848482,0.24220523896549814,0.15639364235476547,0.0941721750966199,3.162984289040411,0.26277897768178543,0.5171124771556737,63.0,36114.0,10.494435880775827,1
H2261,3.5,3.5748870140293993,-0.07488701402939935,10.909080725860653,0.047270554850272574,4.733966793325564,0.11474805600643916,2.280563339650968,0.2120080651183631,0.64431334478381,11.0,13391.0,9.502338118495565,0
H2261,3.5,3.567774270342475,-0.06777427034247507,9.91375596356802,0.0453954026311985,4.750088784492702,0.11716238906939466,2.2702375905764183,0.21844730374439786,0.6519444846031517,11.0,13834.0,9.53488460916053,1
H2400,3.5,3.219057029468747,0.28094297053125317,15.271097046413502,0.35548523206751065,2.7795358649789033,0.05057059944097278,3.2737423162608406,0.14978902953586498,0.35864978902953587,33.0,948.0,6.854354502255021,1
H2422,3.5,3.6699723133166886,-0.1699723133166886,9.259668700959026,0.0,0.0,0.219154444823652,1.8550022018927876,0.34925893635571054,0.8566695727986051,12.0,5735.0,8.65434302956347,0
H2425,3.5,3.6271581735838847,-0.1271581735838847,10.292839480733567,0.4703276323923348,2.16282937319441,0.02423976637859435,4.009984294621834,0.06439315887080156,0.24046981248712138,79.0,9706.0,9.18049952996516,1
H2456,3.5,3.7739866421435737,-0.2739866421435737,9.816537327798827,0.1632076039222763,0.8533157071881753,0.12811161706403126,2.9262074035475045,0.3111953317692354,0.6078926788185045,63.0,16623.0,9.718542557535459,1
H2458,3.5,3.7450060921787127,-0.24500609217871272,9.779319560078116,0.11368074827834307,0.6150722536257555,0.16869135270000382,2.58123501392787,0.37290574570870594,0.6819817041833693,42.0,9729.0,9.182866394975427,0
H2486,3.5,3.648606995187057,-0.14860699518705678,8.671299701218112,0.011778901401976558,6.084743049449851,0.26305467228413026,1.78353384921796,0.45420592967133994,0.8702022523557804,19.0,17404.0,9.76445534384057,0
H2486,3.5,3.5398507393067766,-0.03985073930677663,8.467272922944469,0.01743435213086526,5.514606325223714,0.23383732255761286,1.8341914968960815,0.41003013344812744,0.8597718467498924,16.0,9292.0,9.1369090938903,1
H2577,3.5,3.848130826174401,-0.34813082617440116,13.470673871582965,0.30996276450821914,2.8082650694913758,0.009718235463729633,5.221003156867405,0.04885114885114885,0.13387521569339753,404.0,110110.0,11.609235145107636,0
H2582,3.5,3.819628260018864,-0.319628260018864,11.182464374093353,0.6236880279887362,1.9750831982251045,0.1925149634694986,2.0894875869502356,0.37631197201126376,0.7674716272719516,19.0,11719.0,9.368966735258603,0
H2593,3.5,3.412647361765072,0.08735263823492811,14.707228253401121,0.06568640923457465,3.3916152569752995,0.09336467381411771,2.9866777644880598,0.179606980898722,0.5870551051257386,63.0,7277.0,8.892473968347087,1
H2686,3.5,3.3430709788205233,0.1569290211794767,9.830522611755507,0.24397237065033234,13.677961683826405,0.589716804584172,0.767523962068265,0.7479473478430861,1.0,4.0,7673.0,8.945462952177666,1
H2737,3.5,3.115196135947657,0.3848038640523428,14.485477031802121,0.10636042402826855,11.594285972974491,0.31588382923997055,1.2483132644752089,0.4045936395759717,0.9999999999999999,4.0,2830.0,7.948031990637284,0
H2737,3.5,3.1618232963615043,0.3381767036384957,13.040098241985524,0.08867631851085832,11.305695259039277,0.3346650693142578,1.2059564292490366,0.42244053774560497,1.0,4.0,3868.0,8.260492856573185,1
H2765,3.5,3.6578825240304287,-0.15788252403042868,15.336886757654002,1.0,0.9147915898192549,0.24047458330957897,1.7299765667354763,0.4064920693471044,0.8679454075986721,9.0,2711.0,7.905072849498666,0
H2816,3.5,3.3625850618672173,0.13741493813278272,13.800059594755657,0.35518474374255055,0.9178672316430487,0.049323716723893705,3.2672666102745227,0.10131108462455304,0.3951132300357569,36.0,1678.0,7.425357887027151,1
H2915,3.5,3.672448202888626,-0.17244820288862606,13.349806472865035,0.15309231656098174,0.3738779543770073,0.08209707659721541,3.3231701110180154,0.2500205879930824,0.44223009141068925,59.0,12143.0,9.404508151053818,1
H2944,3.5,3.45959041848073,0.04040958151926999,12.909531013615734,1.0,1.0514372163388805,0.17776897883141352,2.128257888708636,0.3237518910741301,0.7579425113464449,15.0,661.0,6.493753839851686,0
H2960,3.5,3.7724971530396285,-0.2724971530396285,9.970279388508171,0.004955192409066948,6.580073800738008,0.8779596227320057,0.287142892908573,0.9355824986821297,0.9991565629942014,6.0,18970.0,9.85061406292906,0
H3080,3.5,3.527717092067314,-0.02771709206731421,16.025010808473848,0.2586467790747947,1.9121271076523993,0.06502528332407158,3.0649494982925267,0.1445092952875054,0.46454820579334194,37.0,9252.0,9.13259502335133,1
H3113,3.5,3.911216746340633,-0.4112167463406329,11.845822004324651,0.05832922991286477,1.6729110021623244,0.04032423651835699,3.679512539501024,0.09832152261876727,0.3607548866385494,93.0,93418.0,11.444839325135002,0
H3113,3.5,3.883444912405972,-0.383444912405972,11.45722054105709,0.05985074287274465,1.6865827853746218,0.037420040479871894,3.719052575074568,0.10107847375486337,0.32794475666082684,93.0,87902.0,11.383977836542975,1
H3152,3.5,3.80834330090811,-0.3083433009081098,9.294329879509945,0.0,1.5167572310911606,0.06543587661552026,2.87031283244185,0.11826251307840292,0.45057207465658644,21.0,29629.0,10.29650889041995,0
H3170,3.5,3.5571624110534903,-0.05716241105349029,10.494081110705158,0.143587869930581,0.2422360248447205,0.2497416624828515,1.9220326765217255,0.43149433686518085,0.8257215929850201,21.0,2737.0,7.914617709040679,1
H3192,3.5,3.798210476595105,-0.2982104765951048,13.743965517241383,0.08939632060645282,1.269436997319035,0.07217880942646324,3.447913485015538,0.18919293704354256,0.5147915318480171,138.0,43268.0,10.67516861075018,0
H3192,3.5,3.780546826171502,-0.28054682617150206,14.216037442244621,0.07067103971654977,0.9012951569270549,0.09527195818072871,3.19168621338654,0.23056666108065405,0.5829881975533264,125.0,41771.0,10.639957597831893,1
H3240,3.5,3.6651832048967403,-0.16518320489674032,10.827684294871792,0.0,2.093635531135531,0.09570294155630697,2.601683350917629,0.19848901098901098,0.6008470695970696,20.0,17472.0,9.768354878544631,1
H3288,3.5,3.7890206714699257,-0.2890206714699257,15.043047965998783,0.26906496660595036,1.9665907710989676,0.015111689521047807,5.0078473798716265,0.08866120218579235,0.17468123861566484,302.0,65880.0,11.095590184291577,0
H3288,3.5,3.777594027550073,-0.277594027550073,14.54791978133163,0.28310605717392284,1.9407269816819948,0.017079619878991974,4.821100314686652,0.08639514338784941,0.2091544722813694,266.0,66219.0,11.100722709809322,1
H3312,3.5,3.906633233973558,-0.4066332339735581,14.847335261309649,0.11047009177560714,0.08675893410452387,0.059231722513781254,3.2888629183951243,0.14933455307345,0.45667955263080234,61.0,67774.0,11.123933919554952,0
H3312,3.5,3.914538286843735,-0.41453828684373484,14.565958278849791,0.0837478155666084,0.09701939410233536,0.0725290581625403,3.124329530177511,0.17677107138056192,0.498649622994293,60.0,81829.0,11.312386982989713,1
H3330,3.5,3.7884450543125565,-0.2884450543125565,15.051518093080944,0.004071617321900448,0.0,0.14796360357053698,2.0744177183876413,0.21948983443887182,0.7905948336299411,22.0,37086.0,10.520994818887328,1
H3347,3.5,3.6543050940894526,-0.1543050940894526,18.258851224105467,0.0,0.0,0.24023427093205155,1.6611691561120672,0.36904244531363173,0.9278574532811821,12.0,13806.0,9.53285855926342,0
H3347,3.5,3.6543481709644166,-0.15434817096441655,18.384251344466456,0.003679592414378716,0.0,0.23838379296926981,1.6598174728144452,0.35397679026323237,0.9380696292103028,14.0,17665.0,9.779340559793246,1
H3379,3.5,3.942525297658142,-0.44252529765814197,13.538801651220204,0.1597494839936865,0.3820672629406289,0.049505839619944536,3.3500039720941066,0.09166700392569509,0.40363835039864016,50.0,98836.0,11.501217189838068,1
H3387,3.5,4.012299151702461,-0.5122991517024609,15.263947483531481,0.06860959319975717,0.19004903016889618,0.09033105424772848,2.9807109631916298,0.18161401309647388,0.5893609103550933,61.0,153171.0,11.939310223330896,0
H3387,3.5,3.9507747442821657,-0.4507747442821657,15.731823353163401,0.06144426592557212,0.05686742802553302,0.14354368809044535,2.55067508305941,0.24130444222502062,0.7296886534369708,61.0,115145.0,11.653947482682117,1
H3443,3.5,3.102173604191192,0.3978263958088082,12.914495470165573,0.0387378944079975,13.8188656109134,0.46474669496147974,0.8289243336667078,0.5054670415495158,1.0,3.0,3201.0,8.071218539969863,0
H3443,3.5,3.150433762345844,0.3495662376541562,12.56023645320197,0.11211822660098522,13.71447776122018,0.4098436360989104,0.9628510051466723,0.4833497536945813,1.0,3.0,5075.0,8.532081803909987,1
H3447,3.5,4.014044608553974,-0.5140446085539736,12.83594864545433,0.2545850617598662,1.5670737642233084,0.01295871595614439,4.998246234946709,0.0696901578178953,0.16495562095895808,306.0,215755.0,12.28189878364817,0
H3447,3.5,4.0185715974966225,-0.5185715974966225,12.3320823145726,0.2643776457006031,1.5726530279059463,0.012094392634245226,5.036921214664662,0.06368728547716875,0.15995288757934673,305.0,257257.0,12.45783086421044,1
H3499,3.5,3.3236226517701346,0.1763773482298654,13.09114927344782,0.09247027741083225,1.3361955085865258,0.0788990121263627,3.046260750688516,0.21796565389696168,0.4894319682959049,34.0,1514.0,7.322510433997394,1
H3536,3.5,3.4688456275654147,0.031154372434585298,7.543536045106725,0.42086186065243664,8.122029802658075,0.1962167548025729,1.9080863568886628,0.3620620217478856,0.8256141763995166,10.0,4966.0,8.510369966068112,0
H3554,3.5,3.627720872536738,-0.12772087253673803,15.555301595888562,0.5313767919935084,0.2725182580470652,0.03790720956080087,3.600204533981854,0.09358939680822288,0.3404111441709494,56.0,7394.0,8.908424139496578,0
H3655,3.5,4.107644173276114,-0.607644173276114,13.380205185420534,0.18749307305251187,0.6474202200367959,0.03908959752419521,3.771683868422699,0.10300647992847696,0.36532166896949186,88.0,270682.0,12.508699979117447,0
H3655,3.5,4.098723487153133,-0.5987234871531326,12.74544512521646,0.18362762620748177,0.6321849072612333,0.03921106262070016,3.758925366569285,0.10205089331042973,0.3650019820433824,88.0,287582.0,12.569263315944099,1
H3748,3.5,3.4177784456045477,0.08222155439545231,9.465700204477535,0.022230378021286638,11.976773594172343,0.24744383703011336,1.7414817529246749,0.4038169139621454,0.8704975619986368,11.0,19073.0,9.856029001376427,0
H3749,3.5,3.8846092560925483,-0.38460925609254826,15.34140128956047,0.24152187823005367,0.23445882758281242,0.1296980984486405,2.9396225577811603,0.31392429984741843,0.6203425702613575,72.0,40634.0,10.612360433557555,0
H3800,3.5,3.203057281631165,0.2969427183688351,12.32172859450727,0.0,7.623586429725363,0.5032975694290388,1.077302993388687,0.6930533117932148,0.9701130856219708,6.0,1238.0,7.121252453244542,1
H3810,3.5,3.663887057801433,-0.16388705780143287,14.297161758429363,0.01835253947930004,0.0,0.5355717642421217,0.7287410428684301,0.654502774221084,1.0,4.0,4686.0,8.452334619067742,0
H3817,3.5,3.895185922995587,-0.3951859229955872,12.122109332984488,0.12446401837236004,1.9685166450139093,0.08181710488604804,2.709145384903946,0.13351938254916496,0.5375368828035292,49.0,68799.0,11.138944488932081,0
H3817,3.5,3.833302741118733,-0.3333027411187328,11.519139406687465,0.05909552476971061,1.976113627573987,0.09182954301007802,2.591918113176023,0.15257126278378183,0.5762674983680279,48.0,55148.0,10.91777575929152,1
H3832,3.5,3.5430748012790065,-0.043074801279006536,10.206236593736593,0.23385885885885888,13.68208386958387,0.5204560010805989,0.9143478447458806,0.6914414414414415,1.0,5.0,37296.0,10.526641361275539,1
H3864,3.5,3.844802996448549,-0.34480299644854906,10.910441729542853,0.1267490480973627,3.3211941414188604,0.1566687825791169,2.5224275724943905,0.3355602793805041,0.6577588824779836,37.0,42809.0,10.664503639837902,0
H3864,3.5,3.8605697771501806,-0.36056977715018057,10.342599501205761,0.13784858915431708,3.0761588721479063,0.15702249485661832,2.49026372193803,0.339571696518746,0.649339406805862,34.0,48517.0,10.789669530973297,1
H3931,3.5,3.7590867296200026,-0.25908672962000256,11.433534116814716,0.14245145821869348,5.310618647697282,0.03461815192299139,4.192370741951273,0.1146136310038519,0.3270281424416319,206.0,101768.0,11.530450991836046,1
H3949,3.5,3.9288640179528027,-0.4288640179528027,16.06256371775299,0.0009315082671358706,0.10756332962455042,0.41863602196765015,1.5657639812246962,0.6333479959634641,0.8705721013273993,33.0,38647.0,10.562224431339358,0
H3949,3.5,3.8960789997784264,-0.3960789997784264,14.91049322119339,0.0029184685999310176,0.1711018545541376,0.3529708648046608,1.803969411217456,0.5774853413281685,0.8251306677986788,36.0,37691.0,10.537176618145875,1
H3975,3.5,3.3652732911239114,0.13472670887608862,17.81915219611849,0.49591419816138926,1.489785495403473,0.04187738212367794,3.6545075213458476,0.15168539325842698,0.3176710929519918,55.0,1958.0,7.579678823090456,0
H3975,3.5,3.3520080926596005,0.14799190734039946,17.382654075546725,0.5188866799204772,1.4165009940357853,0.04091455244675091,3.717340197030167,0.15059642147117297,0.32206759443339966,60.0,2012.0,7.60688453121963,1
H4073,3.5,3.5215903708093466,-0.02159037080934656,13.901196649381731,0.3420422816114878,0.10849621061029117,0.03323418799121533,3.74983742628952,0.07538891104906262,0.3364579178300758,63.0,5014.0,8.519989278718239,1
H4094,3.5,3.4644152232961445,0.035584776703855514,7.2,0.0,0.0,1.0,-0.0,1.0,1.0,1.0,286.0,5.655991810819852,0
H4140,3.5,3.889402409294289,-0.38940240929428915,14.08848167539267,0.0,0.0,0.9836806299505083,0.047687207311574234,0.9917726252804787,1.0,2.0,10696.0,9.27762511878178,0
H4213,3.5,3.4652028159914896,0.034797184008510396,15.759354536950422,0.5402245088868102,0.11786716557530402,0.04457581244022154,3.3099098674263314,0.1028999064546305,0.353133769878391,35.0,2138.0,7.6676260915849905,0
H4213,3.5,3.4102989969744875,0.08970100302551254,15.281000000000006,0.48500000000000015,0.08,0.050336419753086406,3.213459158893514,0.10444444444444445,0.3866666666666667,33.0,1800.0,7.495541943884256,1
H4227,3.5,3.793112946193559,-0.2931129461935589,16.098077835785478,0.03084954912197437,0.07344565733270052,0.3613634259566898,1.853108690561356,0.5853108685334599,0.8134788799240628,48.0,16856.0,9.732461955484025,0
H4227,3.5,3.780050026437502,-0.2800500264375021,15.069265518707484,0.04458971088435374,0.0778061224489796,0.29079875798640026,2.1563724090336533,0.5210459183673469,0.7515412414965986,59.0,18816.0,9.842462850698354,1
H4506,3.5,3.8013550542170402,-0.30135505421704023,14.789042444702325,0.006013292541407321,1.6058655976368816,0.3410146891491949,1.6409298420043519,0.5613461335583922,0.8497731828251925,17.0,28437.0,10.25544639312115,1
H4514,3.5,3.9972233084348714,-0.4972233084348714,14.635621502544756,0.0791448273533706,1.0063555566809308,0.1819410622536152,2.7912497749461407,0.4056837076612733,0.6139147021835094,114.0,118479.0,11.682491008662982,1
H4544,3.5,3.326749988950248,0.17325001104975213,19.097569714908865,0.2838448356441812,4.218216181177728,0.034046110723294054,3.698674202542979,0.09518616606948123,0.30721296152048605,60.0,6419.0,8.767017621311778,1
H4604,3.5,4.1108586515646275,-0.6108586515646275,8.818325130283728,0.17432686740011577,0.7331210191082802,0.11583286375840773,2.9242684446226765,0.28763028372900984,0.5999131441806602,70.0,138160.0,11.83616771282056,1
H4623,3.5,3.7600711491918872,-0.26007114919188723,13.080978449171921,0.3971311759406833,0.977964105051625,0.12144316087525547,2.6266158627355645,0.2960986764603978,0.5826346060564064,25.0,14431.0,9.577133949436078,1
H4624,3.5,3.541320531133686,-0.04132053113368617,14.14310095284043,0.002774092389337837,5.822518393438669,0.26226832841530917,2.1009136546547302,0.48685321432879025,0.7587745748401882,35.0,16582.0,9.716073048676163,1
H4676,3.5,3.4223150383173886,0.07768496168261141,19.723200514138817,0.743573264781491,0.0,0.14679472776415697,2.253709788681492,0.29370179948586117,0.7339331619537275,16.0,1556.0,7.349873704738337,1
H4711,3.5,3.6919443581108284,-0.19194435811082844,11.056056221579166,0.07062146892655367,2.5699324789858067,0.19055020816952373,2.340679510703064,0.4029902163428414,0.6755546369023012,28.0,14514.0,9.582868979838082,1
H4754,3.5,3.736076234920003,-0.23607623492000318,10.140586302754613,0.2736921910538287,1.5037907505686128,0.24253574038170894,2.0234738526878098,0.44275966641395,0.7922668688400304,25.0,7914.0,8.97638862194537,0
H4754,3.5,3.427763507481995,0.07223649251800479,10.818706924844108,0.26747620610436496,3.4191007548408265,0.15861135827510994,2.145501415946049,0.2760091893665901,0.7919264850672793,16.0,3047.0,8.021912778985708,1
H4847,3.5,3.445010676772593,0.054989323227407017,14.351433522369248,0.19502205419029614,2.7691810860897363,0.05034044133791849,3.317927266363318,0.1239760554505356,0.41131064902331443,44.0,6348.0,8.7558950816463,1
H4868,3.5,3.7997891709870366,-0.2997891709870366,17.039276194182317,0.0020040860005837153,0.10759801537114505,0.16522100655075847,2.156927702416992,0.25340986477283783,0.8234458604922656,27.0,51395.0,10.847296170447022,1
H4931,3.5,3.207420958033283,0.29257904196671713,14.807538280329796,0.1200628190027483,13.4498757228226,0.19213444179153163,1.831073929948939,0.26988614055751864,0.8799371809972516,10.0,12735.0,9.452109387413557,0
H4931,3.5,3.1765240976887004,0.32347590231129963,14.43218351155571,0.11995515695067263,13.436594112155708,0.19186641002517668,1.8273955164412456,0.2706105553639186,0.8800448430493274,10.0,11596.0,9.358415490041546,1
H4937,3.5,3.59354974714902,-0.09354974714901987,11.93033402241324,0.09797628114459801,3.8479603496491057,0.03158719021902011,3.842622925199986,0.09732346861059732,0.2735284517462735,98.0,18382.0,9.819127203918054,0
H5008,3.5,3.711651671201929,-0.21165167120192896,15.027981282202331,0.22867075427082725,7.321201095874676,0.04662595863685723,4.003340434676998,0.16285977415848732,0.38539912218838934,171.0,120527.0,11.699629073203765,0
H5050,3.5,3.741530596238778,-0.24153059623877793,9.858976980543801,0.07967728220598061,9.570053845191557,0.16369774534883938,2.096412730630809,0.3252586398882433,0.7489826493632701,12.0,98786.0,11.50071117329065,0
H5140,3.5,3.1679117157351806,0.3320882842648194,11.459436619718309,0.0,13.581926783780537,0.7828367387423132,0.3747095089679642,0.8760563380281691,1.0,2.0,2130.0,7.6638772587034705,0
H5141,3.5,3.8932411129111566,-0.3932411129111566,11.487241143592424,0.02227673006554345,1.575173911295187,0.07076918726382195,3.1044287884914405,0.13394185532188668,0.5093757958368518,128.0,74607.0,11.219989615569899,0
H5209,3.5,3.461657586734699,0.03834241326530119,10.680978490088572,0.1277941796710249,2.221003795866723,0.23636105542847727,2.020485558040155,0.4314635175031632,0.7671868409953605,20.0,2371.0,7.771067086065406,1
H5216,3.5,4.1411937737400635,-0.6411937737400635,13.410716252299462,0.25651236333881006,2.0191787384652913,0.0019092083925997616,6.949567622461446,0.014636201269464086,0.04513628747996902,2574.0,2604091.0,14.772594227936551,1
H5294,3.5,3.4532663054402595,0.046733694559740524,22.504499747641425,0.28256396319447147,5.892339946422331,0.1346248719193957,2.8892883767431554,0.3066739138874869,0.656908801490857,82.0,25757.0,10.156461713809012,1
H5398,3.5,3.5259106539707945,-0.025910653970794506,13.298522167487684,0.0,0.0,0.8616690528767987,0.296078915802657,0.9261083743842364,1.0,3.0,1015.0,6.922643891475888,0
H5422,3.5,3.694836066936679,-0.19483606693667888,14.186843644018241,0.08706584025260199,0.11349549760261957,0.057466711285801476,3.469631660341379,0.15629750906326745,0.45029821073558646,95.0,17102.0,9.7469506947159,0
H5422,3.5,3.682317563694058,-0.18231756369405794,13.116539881418491,0.1242868329790803,0.10482156840809935,0.04150604560592105,3.7505642245922424,0.11578476339635306,0.38102696051012414,105.0,17878.0,9.791326185647797,1
H5434,3.5,3.9307481142341736,-0.4307481142341736,11.781753711648552,0.002760898103912625,0.35546563087875055,0.03565614588114718,3.4879092193788255,0.07327207026756351,0.28827024320264183,49.0,73889.0,11.21031924606004,0
H5434,3.5,3.911592104710034,-0.41159210471003416,11.486250680210407,0.019590059858516234,0.452735093674691,0.037892429052067585,3.492426310394591,0.07922831748335105,0.3027519369801249,65.0,77182.0,11.253921548204943,1
H5496,3.5,3.5360131345044694,-0.03601313450446941,14.333849710982653,0.05687861271676299,2.5100903700995647,0.09194466905008519,2.982930168585697,0.2468208092485549,0.5210404624277456,43.0,8650.0,9.065314599925925,0
H5496,3.5,3.5754317901334525,-0.07543179013345247,14.265939893930467,0.06552740129640543,2.6383537104365207,0.06945409921282976,3.1255127576534525,0.1674130819092516,0.5060106069534472,49.0,16970.0,9.739202358228273,1
H5525,3.5,3.9503615118603688,-0.45036151186036877,13.90898872544248,0.3504618045018066,1.0120512334289171,0.00883190903198699,5.255416903466644,0.026740570656375078,0.12542873666550236,437.0,174641.0,12.07048771727248,1
H5549,3.5,3.5475433550979973,-0.04754335509799734,18.910923817863395,0.0,0.0,0.21077345813103263,1.7035719248298267,0.26663747810858146,0.9296190893169878,9.0,9136.0,9.119977931895791,0
H5549,3.5,3.6695707020885147,-0.16957070208851466,17.966920082436452,0.0,0.0,0.19942829543284984,1.8007857293373517,0.28069613006640715,0.9051522784520266,11.0,21835.0,9.991269465919661,1
H5580,3.5,3.410866157393113,0.08913384260688684,11.323321612560308,0.0022896393817973667,13.552723293045926,0.8196518143575967,0.3902897137417761,0.9025267806034836,1.0,4.0,12229.0,9.41156545918937,0
H5587,3.5,3.146380881904474,0.35361911809552593,15.75641936916926,0.1643713904931142,14.116891091823595,0.19477736929596026,1.8108410696327069,0.30541981341625946,0.8836072856508219,8.0,9004.0,9.105424202026622,0
H5590,3.5,3.260547901281188,0.2394520987188118,14.57377802836449,0.15426985297306675,13.531380445242771,0.12866284121881508,2.263403346161829,0.2157696144337945,0.7139263564210436,15.0,23057.0,10.045724689956613,1
H5599,3.5,3.8621547119725594,-0.36215471197255944,14.072831280482767,0.1469289906588411,0.31921964123336366,0.044464334338460205,3.458650965656378,0.09785897329916508,0.3603538067289411,58.0,60485.0,11.010150679393949,1
H5608,3.5,3.7405187319675646,-0.24051873196756457,10.299169632265716,0.0,1.3839462238038749,0.7420721528255627,0.5627022654685027,0.8572558323448003,1.0,4.0,5058.0,8.52872642722991,0
H5608,3.5,3.6675964687404705,-0.16759646874047052,11.55982940698619,0.0,1.6433793663688059,0.7000072919918093,0.6387720283661813,0.8308285946385053,1.0,4.0,4924.0,8.501876487304344,1
H5619,3.5,3.9717226855865717,-0.4717226855865717,13.267649011738849,0.18377105248871417,3.792108640612397,0.014081899818287679,5.1442111952988805,0.06532378967765105,0.1939814834148358,605.0,478922.0,13.079293023884869,1
H5649,3.5,3.776009787459402,-0.27600978745940186,12.468992617830775,0.0,5.896297875850686,0.36683655955378724,1.5053207484215116,0.5828052243043725,0.8791368540601932,11.0,44025.0,10.692512933364407,0
H5810,3.5,3.242512739634503,0.25748726036549696,12.782670744138635,0.0,2.597747269686291,0.24910090911830385,1.4982543881405253,0.381243628950051,1.0,5.0,981.0,6.8885724595653635,1
H5826,3.5,3.502513400379082,-0.002513400379081876,12.794388342068263,0.11415058161830499,7.258849780023694,0.15942066129515897,2.361331883488833,0.3159273935830244,0.7033746644509778,25.0,15646.0,9.657970572245025,0
H5828,3.5,3.8445296995718414,-0.34452969957184143,14.813240822388265,0.3003898454541235,0.7049705295400752,0.04863637845620335,3.8630819977851183,0.16988443866895622,0.3812595720982038,95.0,43094.0,10.67113905526418,0
H5843,3.5,3.37578698525722,0.12421301474278001,12.137813552976413,0.02009234993136154,13.375142040529909,0.4833683701524023,1.0111201258852505,0.6642331211780856,1.0,5.0,16026.0,9.681967682338016,0
H5843,3.5,3.3042630384114515,0.19573696158854847,12.252472816555596,0.022588565415643636,13.269217251330355,0.3891050184413499,1.1594041378530202,0.5567169414240617,1.0,5.0,14255.0,9.564863001346772,1
H5852,3.5,3.167440272383929,0.3325597276160712,13.3,0.0,8.0,1.0,-0.0,1.0,1.0,1.0,597.0,6.391917113392602,1
H5859,3.5,3.842262918621861,-0.3422629186218611,10.975708720407553,0.029967036260113874,0.36787533712915793,0.3156949159939649,1.4041150575426655,0.4981120767156128,0.9700329637398862,6.0,16685.0,9.722265391185474,0
H5859,3.5,3.8129846943714316,-0.3129846943714316,11.314526073177758,0.03128781331028522,0.36698357821953326,0.3137712889803244,1.419392216351565,0.4973206568712187,0.9666954768078364,7.0,17355.0,9.761635928295886,1
H5928,3.5,3.643357303882324,-0.14335730388232415,12.12760697801768,0.0,4.652790256748912,0.46315623009758283,0.8777499509511132,0.578737385590237,1.0,4.0,12783.0,9.455871442168021,0
H5928,3.5,3.583978008083286,-0.08397800808328615,11.947572815533984,0.0,4.696764788557586,0.4658976907496603,0.8735188155960004,0.5849759733254879,0.9999999999999999,4.0,10197.0,9.229848838364227,1
H5937,3.5,3.662358621010321,-0.16235862101032117,10.067446189645143,0.240954043048284,1.1711915452532329,0.062305648027165185,3.3706592352948834,0.17428737638161723,0.46736474694589875,62.0,8595.0,9.05893591781695,0
H5945,3.5,3.6545659561988453,-0.15456595619884528,9.822981243830206,0.13247778874629812,7.0781836130306015,0.3098179296002899,1.4783114163782605,0.5047384007897334,0.9582922013820335,7.0,20260.0,9.916403777802675,0
H5970,3.5,4.0357277278449155,-0.5357277278449155,13.094773677296073,0.20390142919702217,0.13598471276722798,0.03291158763611615,3.688312118682108,0.0892790318085911,0.2841514391496477,62.0,125595.0,11.740817723306641,0
H5970,3.5,3.8770654351945386,-0.3770654351945386,13.331515620965654,0.19321800499182376,0.17913761941647302,0.0349094037791275,3.6286319171653507,0.07680523280833118,0.30815044323952145,62.0,58095.0,10.969834880616963,1
H5989,3.5,3.749461017701976,-0.24946101770197604,17.97851005831407,0.0,0.0,0.2310048167840156,1.5646571428145917,0.3127911390221179,0.9823332528208136,6.0,28981.0,10.274395721835582,0
H5991,3.5,3.4111750318591203,0.0888249681408797,13.08392523364486,0.0,0.0,0.1385203947943052,2.080122952633552,0.23130841121495327,0.730841121495327,10.0,2140.0,7.668561108015897,1
H6158,3.5,3.7118967034180455,-0.21189670341804545,14.858854709767114,0.3850364963503649,0.14824469933958986,0.06272567456662814,3.229074184541728,0.17709419534237053,0.424226624956552,54.0,11508.0,9.35079772467144,0
H6158,3.5,3.6794246559885435,-0.1794246559885435,15.432383976094876,0.48034363619385567,0.22625828742179477,0.06854828411275106,3.226767761183264,0.19450929125035019,0.46036044448594643,55.0,10709.0,9.278839788400875,1
H6237,3.5,3.636206394179694,-0.13620639417969382,9.562029603612643,0.0,2.43665328650276,0.23265322255591506,1.6251331580563055,0.39074259909683895,0.9189663823381836,6.0,7972.0,8.983690681332686,0
H6328,3.5,3.7604588060629487,-0.2604588060629487,10.318128092358437,0.05373831775700935,0.0,0.31426363221761866,1.6340073419274572,0.5274876305662451,0.870395821880154,12.0,7276.0,8.892336539638013,0
H6348,3.5,3.367029727346723,0.1329702726532771,12.510462400747318,0.2582905184493228,1.6571695469406817,0.04015352929100908,3.7140828465760185,0.13591779542269966,0.3507706679121906,63.0,2141.0,7.669028288589683,1
H6396,3.5,3.5519250000324774,-0.05192500003247735,13.55121181938912,0.10358565737051793,0.3982403718459495,0.09519827948057269,3.0718062997228346,0.25332005312084993,0.5277224435590969,59.0,6024.0,8.703506769479729,1
H6453,3.5,3.5604334895763667,-0.06043348957636674,19.710731252630946,0.2609597690781165,4.012599479896065,0.0432754029880577,3.6410649597892033,0.1312466173552228,0.36310060737266225,64.0,33258.0,10.412050618647859,1
H6545,3.5,3.322491576883815,0.1775084231161852,10.672599637681161,0.0,6.038043478260869,0.34001892000105016,1.458952384799394,0.5489130434782609,0.909873188405797,7.0,2208.0,7.699842407396986,1
H6622,3.5,4.099976151338969,-0.5999761513389688,12.085406094002268,0.11555496304196472,0.6886489208846228,0.04403396728515717,4.548542241399668,0.18719874387118754,0.32204891199691893,387.0,337545.0,12.729454113739957,1
H6750,3.5,3.607709027854038,-0.10770902785403802,7.098632715743585,0.4176161696225106,7.138908154166255,0.21788317816995886,1.713569899777249,0.351233528187853,0.9087486376696721,8.0,10093.0,9.219597393238859,0
H6898,3.5,3.8615417590146315,-0.3615417590146315,9.998869327667324,0.6617089087873725,0.8827110125614264,0.09395503679483835,2.710938540283877,0.20943997571710427,0.5538776749127333,49.0,13178.0,9.486304051473764,0
H6898,3.5,3.981215511586221,-0.4812155115862211,9.325809306600402,0.643190250876536,0.7106881225375387,0.11063912817442303,2.5686594777015164,0.24917452428770806,0.5908023283521122,52.0,29377.0,10.287967334235157,1
H6910,3.5,3.5758689006038726,-0.07586890060387264,9.322943722943723,0.07835497835497836,0.3203463203463204,0.36703247690260676,1.2516820887089684,0.4701298701298701,0.9658008658008658,8.0,2310.0,7.745002803515839,0
H6988,3.5,3.390855487149788,0.1091445128502122,17.90536752136752,0.0,0.0,0.22714518226313093,1.6426912776759488,0.3227350427350427,0.9326495726495726,8.0,2925.0,7.981049759665957,1
H7063,3.5,3.624150186712457,-0.12415018671245681,12.120191109264642,0.1250519318653926,0.04486913169921064,0.15100161113200566,2.46912186208378,0.2705996399390666,0.7071042791857084,34.0,7221.0,8.884748726451182,1
H7093,3.5,3.57420727621233,-0.07420727621232981,12.371693467723333,0.24528737400938683,2.8111871970454723,0.03644973817473366,3.9018881274047597,0.12495191197968762,0.3281526506116796,91.0,12997.0,9.47247384058159,1
H7115,3.5,3.7460384342385353,-0.24603843423853533,13.608461411336972,0.0,0.41274169558750623,0.4232805650401598,1.1549847848263122,0.6080813088745662,0.9926458436622047,7.0,12102.0,9.401126007182267,1
H7123,3.5,3.385039658572962,0.11496034142703815,15.90665961945032,0.0,0.0,0.4471414076851906,1.1230788387630815,0.6405919661733616,1.0000000000000002,5.0,946.0,6.852242569051878,0
H7123,3.5,3.418541078813545,0.08145892118645515,15.979759217456733,0.0,0.0,0.5002584585002838,1.026890404213239,0.6869826937547028,1.0,5.0,1329.0,7.192182058713246,1
H7151,3.5,3.508297319641612,-0.008297319641612066,11.54802724283701,0.0,7.7488257397839355,0.5149828212735137,1.1055196930856968,0.7044387036167215,0.9506810709253171,8.0,8516.0,9.049702026013371,0
H7220,3.5,3.7255433219834244,-0.22554332198342442,13.142730090969154,0.14438176551303553,1.0683030949839913,0.11015024577608877,2.6877900500594185,0.2566448137419322,0.6198099303755654,34.0,19677.0,9.887205719961845,1
H7245,3.5,3.5225401699223973,-0.02254016992239727,10.407666036470085,0.06556077331219125,9.608771306306885,0.13189669820059732,2.2078023043475024,0.21732634018418004,0.7516313959870707,14.0,32794.0,10.398000850809813,0
H7326,3.5,3.6269598297281416,-0.12695982972814157,15.03353450851509,0.2465491484911862,2.447236283133342,0.04902995775283691,3.345656948542929,0.11939049895428742,0.39760979982073497,45.0,16735.0,9.725257613645427,0
H7326,3.5,3.598956828037461,-0.09895682803746109,14.362537867962274,0.2341240354386969,2.7696198455693897,0.045812908126038714,3.385333307921305,0.11031723349528437,0.37936553300943127,45.0,17495.0,9.769670404801788,1
H7379,3.5,3.665102404494315,-0.165102404494315,11.947148871029471,0.4525449674703406,0.09644087256027555,0.10319154031133744,2.6871709382962394,0.20570225794106392,0.5981630309988519,32.0,5226.0,8.561401446080557,0
H7379,3.5,3.7523206171175003,-0.2523206171175003,10.1632196969697,0.20953282828282832,0.069159268519246,0.05393953741965105,3.1545851306317076,0.09097222222222222,0.41300505050505054,47.0,15840.0,9.670293665368417,1
H7404,3.5,4.0061212585231925,-0.5061212585231925,9.37031631021969,0.17676502502712707,1.0609131434288832,0.06404881701669568,3.4520062963178084,0.1778501172599671,0.48349609716825936,102.0,85707.0,11.358689781530265,0
H7464,3.5,3.8589033047726033,-0.35890330477260335,12.943099377891212,0.1579837294624342,1.015648428776519,0.029670897425089826,4.196194769756847,0.10224916254586058,0.3184877970968256,151.0,62690.0,11.045957224268014,0
H7464,3.5,3.8053370287925725,-0.3053370287925725,11.407610928114707,0.029141639217205965,0.0,0.12000023727356754,2.4891592740154445,0.23603952722340632,0.6814570819608603,22.0,25805.0,10.158323550582827,1
H7518,3.5,3.4316845104222518,0.06831548957774825,13.085510046367853,0.22874806800618236,0.5587326120556414,0.06982231629038074,3.053011144838076,0.1545595054095827,0.5050231839258115,36.0,2588.0,7.858640655620791,1
H7621,3.5,3.6515178291077657,-0.15151782910776568,11.848725637181408,0.0,1.5678805107795024,0.4761161632452139,0.8883733525913088,0.6323088455772113,1.0,3.0,5336.0,8.58223158759546,0
H7670,3.5,3.2899458321675015,0.21005416783249853,9.6,0.0,10.0,1.0,-0.0,1.0,1.0,1.0,1669.0,7.419979923661835,1
H7925,3.5,3.321077956488622,0.17892204351137808,10.541157556270095,0.0,0.0,0.20280497513466572,1.777579729641129,0.3392282958199357,0.9131832797427653,8.0,622.0,6.432940092739179,0
H7925,3.5,3.275106941730872,0.22489305826912798,10.460611854684512,0.0,0.0,0.20418675899081998,1.7802867636111022,0.34608030592734224,0.9082217973231357,8.0,523.0,6.259581464064923,1
H8010,3.5,3.3957841774374558,0.10421582256254425,11.763731343283581,0.0,2.4408955223880597,0.16515411004678104,1.8618069138299334,0.22716417910447761,0.8525373134328358,7.0,3350.0,8.116715624819111,1
H8070,3.5,3.907897179601737,-0.4078971796017372,9.884429431224842,0.37885128940970153,1.7750767000272722,0.04405529515927723,3.6825397582851696,0.15138108334329786,0.34140459962533376,86.0,50178.0,10.823331962609581,1
H8133,3.5,3.6146827184063977,-0.11468271840639765,15.206445672191531,0.0,0.4774401473296501,0.4777485679110323,1.2639257420270786,0.6763351749539595,0.9148250460405155,12.0,4344.0,8.37655086161377,0
H8133,3.5,3.510449896718448,-0.01044989671844787,15.73134898962316,0.003003823047515019,0.7067176406335336,0.34501311087255376,1.6118661485189054,0.5614418350628072,0.8631895139268159,13.0,3662.0,8.205764725234456,1
H8176,3.5,3.295777200189382,0.20422279981061786,15.327002518891684,0.19899244332493696,3.054383323446403,0.056361502198478526,3.2321749838154363,0.14811083123425692,0.416624685138539,39.0,1985.0,7.59337419312129,0
H8189,3.5,3.4739214402905416,0.026078559709458382,12.2316969953449,0.2008040626322471,4.5114261531950905,0.14587440848645422,2.734079570108763,0.35378755818874313,0.5634786288616166,35.0,4726.0,8.460834457746854,0
H8211,3.5,3.6891868800325236,-0.1891868800325236,15.070719224696466,0.4825502259487125,1.7475363423531334,0.028681606535643223,3.9090544882708516,0.0676757227636522,0.287308760276583,79.0,18367.0,9.818310855128535,0
H8211,3.5,3.712420675067351,-0.21242067506735118,14.154620205342466,0.510778256811414,1.8516822969909774,0.0311154314336772,3.908861767034332,0.09111516067380772,0.310280456909196,82.0,22499.0,10.021226142760383,1
H8298,3.5,3.6690017970751985,-0.16900179707519847,11.46150195283532,0.0,2.5225194047560193,0.07363755385373884,2.7874938788382266,0.1208285954417363,0.5124338755129283,21.0,20227.0,9.914773624553096,0
H8298,3.5,3.663052546073981,-0.16305254607398112,10.733706502472245,0.0,2.4890381565444537,0.07488155409088673,2.774826021719189,0.1248250769661349,0.5187983953727027,21.0,21438.0,9.972920327251465,1
H8547,3.5,3.268464812355859,0.23153518764414116,10.779185817465526,0.0,6.269205515430073,0.36142035732254263,1.415257653071885,0.5699277741300066,0.9126723571897571,7.0,1523.0,7.328437352895162,1
H8554,3.5,3.264323652847844,0.23567634715215613,17.883657142857146,0.017142857142857147,0.40800000000000003,0.2382615510204082,1.6998476078414664,0.40685714285714286,0.9291428571428573,9.0,875.0,6.774223886357614,0
H8554,3.5,3.251253234898634,0.24874676510136595,17.042150803461062,0.0173053152039555,0.37453646477132263,0.2507467749254753,1.720928563405993,0.4363411619283066,0.9097651421508034,10.0,809.0,6.695798917058491,1
H8578,3.5,3.2613559978951554,0.2386440021048446,15.411290877796905,0.11784279977051061,12.791633968655507,0.40680438004785313,1.115262272124425,0.5884107860011475,1.0,4.0,8715.0,9.07280095795412,0
H8578,3.5,3.2551169236113675,0.2448830763886325,14.082272779766717,0.11745005196904955,12.708135351167162,0.39866762216114293,1.1315895416672177,0.5811294606767525,1.0,4.0,8659.0,9.066354521447801,1
H8597,3.5,3.6018174024891767,-0.1018174024891767,16.31080549354924,0.11236805266543073,2.3333963906019446,0.05041698236991635,3.639906901433502,0.1329877795013431,0.43180356399682196,115.0,26431.0,10.182292842675238,1
H8634,3.5,3.676051483259559,-0.17605148325955922,12.185712263817136,0.0935531809496851,5.336669558073969,0.2440291244275281,2.347412022002987,0.46935814875097304,0.7401811619842898,81.0,28262.0,10.249273425142691,1
H8649,3.5,3.6085813405173988,-0.10858134051739876,9.55325748129676,0.3734413965087282,3.3168640897755606,0.10225459185577201,2.58249465829881,0.22288029925187033,0.5925810473815462,20.0,6416.0,8.766550149546351,0
H8649,3.5,3.5837627136624857,-0.08376271366248567,8.981770739607699,0.3213964369263991,2.822026273168976,0.11139978178284765,2.466884442470993,0.24077739787655209,0.6114810149361166,17.0,5557.0,8.622813673279921,1
H8764,3.5,3.238796748657765,0.2612032513422351,13.994636015325671,0.0,15.938697318007662,0.9923665242729847,0.025144069912589193,0.9961685823754789,1.0,2.0,7047.0,8.860357273327022,0
H8768,3.5,4.09609799285813,-0.5960979928581303,11.337413098263553,0.19017045394128224,1.6801503939526914,0.012770429459356003,5.1124132280373,0.04746142737706164,0.1682944440221935,677.0,526280.0,13.173588669479775,1
H8849,3.5,3.9323578794369562,-0.43235787943695625,14.91902312700068,0.024098118908031502,0.49768010646333144,0.3183993240866782,1.9388923232303552,0.5441858792216667,0.8163687371866345,70.0,55606.0,10.926046388085478,1
H8854,3.5,3.6211088782165084,-0.1211088782165084,14.430927252167354,0.06803618545043347,0.0,0.2448360133660889,1.998635367999757,0.45326045985676594,0.795514511873351,20.0,5306.0,8.576593534697684,0
H8889,3.5,3.95450497860464,-0.45450497860464,9.556767021129678,0.3570812042535562,0.9958632434904271,0.05100052437361772,3.729326984086385,0.1714887446485292,0.3937128849606408,124.0,57928.0,10.966956139068657,1
H8908,3.5,3.8700943046839447,-0.37009430468394466,15.08791313287073,0.00429195579542534,0.0,0.21600767667856835,1.8548056599459146,0.3733744538679003,0.8690567977383705,15.0,38910.0,10.569006565978599,0
H8928,3.5,3.5048920398490844,-0.004892039849084373,9.894115741740444,0.005398402072986396,6.065602180200543,0.23955030926047796,1.8368608790090153,0.43662275966313974,0.8359965450226733,13.0,9262.0,9.133675287040697,1
H9003,3.5,3.9960954057215092,-0.49609540572150923,10.133169252235929,0.0038274822918382572,1.457989748161355,0.15554843587067407,2.048655272469212,0.22476526390248155,0.830544277671728,17.0,103201.0,11.544433821905134,0
H9047,3.5,3.9384928982214418,-0.4384928982214418,10.319769387023538,0.007124507109571035,1.3026086898807685,0.1571820639090193,2.1910716068279705,0.23661727804994623,0.7807683116262396,24.0,66952.0,11.11173122371271,0
H9065,3.5,3.566719476520508,-0.06671947652050791,11.098618567895276,0.503408336852265,7.428203738317027,0.09462104651104018,2.528609119791855,0.1429088496109067,0.6273752790010255,16.0,16577.0,9.715771471424866,0
H9147,3.5,3.3530053102324264,0.14699468976757357,13.438247011952193,0.21912350597609564,0.35742743312464426,0.038024339749709174,3.6157553492336407,0.08992601024473534,0.3574274331246443,52.0,1757.0,7.471363088187097,1
H9191,3.5,3.432425847253442,0.06757415274655809,13.181558803061936,0.4286708420320111,0.58107167710508,0.06502518924012902,3.246992631418226,0.20041753653444677,0.4210160055671538,38.0,1437.0,7.270312886079025,0
H9191,3.5,3.4199510054802245,0.08004899451977554,12.372030920590298,0.43991567111735763,0.5910049191848208,0.0690755083264648,3.1679701820715724,0.2044975404075896,0.4427266338721012,35.0,1423.0,7.260522598089852,1
H9207,3.5,3.8004680354210416,-0.3004680354210416,18.889654135338347,0.0,0.0,0.7751129176324267,0.5906843580023333,0.8785714285714286,0.979624060150376,13.0,13300.0,9.495519314209846,0
H9207,3.5,3.7880526471454607,-0.28805264714546075,17.8965272905851,0.0,0.0,0.7186451016809442,0.7345433001394887,0.8450259576259296,0.9656938403255227,14.0,14254.0,9.564792848061815,1
H9219,3.5,3.209646226775842,0.2903537732241581,10.122074468085108,0.506648936170213,6.210957116515289,0.1026305737890448,2.47633424954319,0.18351063829787234,0.6143617021276596,15.0,752.0,6.62273632394984,0
H9306,3.5,3.685721409764443,-0.18572140976444285,13.255109902560617,0.13981418536143217,0.0,0.1960353782412335,2.1703865057125284,0.38567867663720823,0.7416723317471109,20.0,8826.0,9.085457189829492,1
H9364,3.5,3.4496299527772516,0.050370047222748404,11.913984649408091,0.5843632106153246,8.166467929838198,0.10135512171279018,2.502750121445799,0.18108494861454402,0.590997788474047,16.0,7687.0,8.947285869349132,0
H9460,3.5,3.3911513310315344,0.10884866896846557,10.254083885209713,0.0,0.0,0.2348118259920374,1.669373914934845,0.38079470198675497,0.924944812362031,8.0,906.0,6.80903930604298,0
H9485,3.5,3.563922471395842,-0.06392247139584217,8.987768052516412,0.03150984682713349,0.6551422319474836,0.17780788991089258,1.8686851305188374,0.26652078774617066,0.8888402625820568,9.0,4570.0,8.42726848388825,1
H9525,3.5,3.954946036114385,-0.4549460361143849,15.234040686516426,0.46254318144431666,2.299791632395679,0.018049844400809124,4.728896451082722,0.09330481987168943,0.21172341942205405,192.0,182370.0,12.113792869410878,1
H9585,3.5,3.5090517574679723,-0.009051757467972266,14.078646699944537,0.0,0.30282861896838603,0.6134512978154052,0.8166454054037158,0.771491957848031,0.9911259012756517,6.0,1803.0,7.497207223203318,1
H9615,3.5,3.9065756936908214,-0.40657569369082136,11.674172687176986,0.2363828232811105,0.09002354087182401,0.06610072116472801,3.4065114157615755,0.20123386638525853,0.4539870660497335,77.0,36957.0,10.517510353630083,0
H9615,3.5,3.8503629136419657,-0.3503629136419657,11.911471074380165,0.1998071625344352,0.009669421487603306,0.06155879303933397,3.249228546732614,0.14457300275482093,0.4824517906336088,65.0,36300.0,10.499573020252942,1
H9630,3.5,3.752182508729573,-0.25218250872957304,16.231982033204456,0.5007959972708665,0.18160109165340005,0.04100536144079466,3.6182694276281113,0.12497157152604048,0.34858994769160795,69.0,17588.0,9.7749721303007,0
H9630,3.5,3.7579645270422475,-0.2579645270422475,16.378361628769692,0.524287522367215,0.24793785187448175,0.03696666120507381,3.694036045530198,0.11072317025269497,0.32592851219831537,74.0,22913.0,10.039459714059342,1
H9686,3.5,3.5716075676014265,-0.0716075676014265,12.276439144736843,0.04605263157894737,1.4991776315789473,0.5994988016144389,0.7853038484039799,0.7528782894736842,1.0,5.0,2432.0,7.796469243086058,0
H9699,3.5,3.4050829907737863,0.09491700922621371,13.26926536731634,0.20539730134932532,0.21589205397301348,0.11170951256006179,2.4740294806268843,0.17641179410294852,0.6821589205397302,20.0,2001.0,7.601402334583733,1
H9730,3.5,3.7526940028668916,-0.2526940028668916,18.150330327037473,0.5176402861920557,2.0029331944406374,0.033328715498514294,4.158136007179197,0.1452890704240796,0.2767893856739494,118.0,36479.0,10.504492031531843,0
H9730,3.5,3.7130508585861426,-0.2130508585861426,17.977164657408814,0.5468335113688386,2.0548145887379823,0.033417428688204485,4.170561684985229,0.1457042575919426,0.28087898672363804,119.0,32765.0,10.397116151473597,1
H9763,3.5,3.3967505898803543,0.10324941011964572,14.897386109036594,0.0031740104555638537,4.125107441942216,0.2263858809172295,1.9020874621074104,0.38760268857356234,0.8469006721433907,17.0,5356.0,8.585972706811063,1
H9884,3.5,3.3895415847727226,0.1104584152272774,11.180074257425742,0.0,0.3527227722772277,0.1426361386138614,2.0940489918433864,0.25,0.7592821782178218,10.0,1616.0,7.38770923908104,1
H9907,3.5,3.7282084846584507,-0.22820848465845067,9.019953563638921,0.0,1.3909800886512347,0.17639404140705972,1.921873363370896,0.3211144726658693,0.8078519665095336,9.0,14213.0,9.561912317739012,1
H9942,3.5,3.3744552812644164,0.1255447187355836,9.765551020408163,0.0,0.6897959183673469,0.09659375260308203,2.4567716062522598,0.16816326530612244,0.5836734693877551,14.0,1225.0,7.110696122978827,0
H9952,3.5,3.5153686850993213,-0.015368685099321322,8.773927392739273,0.008250825082508248,0.0,0.22665412855917053,1.7586817651257383,0.37843784378437845,0.9048404840484049,10.0,1818.0,7.505492274737424,0
R0110,3.5,3.6335745049606336,-0.1335745049606336,14.171997420217837,0.37120198738773114,2.4034940208693705,0.005855093133876857,6.020890513494548,0.04371297534874833,0.12038983374737244,761.0,41864.0,10.642181548052044,1
R1390,3.5,3.6459265322651455,-0.14592653226514551,13.016094492725784,0.37168099102127067,3.0566572237960337,0.02444645645027808,4.548185697386071,0.10500792240841215,0.274355404042829,195.0,20827.0,9.944005500839015,0
R1532,3.5,3.5075522928247294,-0.007552292824729356,15.016270871985158,0.4968460111317257,0.5322820037105751,0.01672732780074419,4.508084407677548,0.061781076066790355,0.20092764378478664,131.0,5390.0,8.592300663903043,1
R2604,3.5,3.621610979481593,-0.12161097948159316,15.15305634747611,0.2679859131309742,1.650550762974045,0.014247922139571123,4.70394542489241,0.05010062049304041,0.18438705349656215,183.0,23852.0,10.079623350242997,1
R3332,3.5,3.70021099343806,-0.20021099343806004,12.779852253139627,0.12282688992858905,1.1366165968973159,0.028936751961787365,3.806128489597591,0.07500615611918247,0.26786505786752035,66.0,20305.0,9.918622440120398,0
R3444,3.5,3.6156129087712747,-0.11561290877127472,15.625902100713638,0.5661875565383456,0.6908231983113879,0.013004639067829712,4.691724002856446,0.04372298723489798,0.16021710724695948,159.0,9949.0,9.20522732258936,0
R4182,3.5,3.565930397522726,-0.06593039752272611,14.119112076994725,0.4564420987271032,3.723502018006831,0.012196570530574888,4.857928950854399,0.05166097485253027,0.16324122943185349,201.0,16105.0,9.686885061765299,0
R4182,3.5,3.5289926396776523,-0.02899263967765231,13.718032786885248,0.4903744924048728,3.6243044066776955,0.012559365187350938,4.7935645307715635,0.048804331478417805,0.1674687922995939,182.0,13298.0,9.495368926962401,1
R4487,3.5,3.4875990058756483,0.012400994124351694,13.997313007238427,0.384952840535205,2.4694011844702786,0.013723291911883657,4.826340288754137,0.060210572493967975,0.1958762886597938,191.0,9118.0,9.118005760773388,1
R5329,3.5,3.1975480306763284,0.3024519693236716,8.606490066225167,0.5549668874172186,7.393416001372977,0.10230603920880665,2.491299628337106,0.1814569536423841,0.6370860927152318,16.0,755.0,6.626717749249025,0
R5342,3.5,3.951477614496114,-0.4514776144961141,12.23896831035953,0.19265311922694336,0.14572971436691773,0.03577485488557014,3.706790659044071,0.0917010089526787,0.33750177632513856,62.0,70370.0,11.161522314960594,0
R5361,3.5,3.528400904221538,-0.02840090422153807,11.18427572427572,0.5432567432567433,1.7428571428571429,0.017988844322510647,4.353372342353808,0.05274725274725275,0.206993006993007,110.0,5005.0,8.518192691749322,1
R5826,3.5,3.5636111089451106,-0.06361110894511057,12.647271152180188,0.12359226104533644,0.6062662431417846,0.036400314233159446,3.5885535154607755,0.07522379439792087,0.32385215131388967,55.0,6926.0,8.843037724962366,0
R5941,3.5,3.613845079291502,-0.11384507929150178,13.099891938621152,0.34190620272314687,0.8795115625675384,0.02180238159151641,4.133513606513223,0.05532742597795548,0.24076075210719688,87.0,9254.0,9.132811169466946,0
R5941,3.5,3.566226375689185,-0.06622637568918499,12.637265796614555,0.3284662101046647,0.8480423827367877,0.023128634900073088,4.089433994469799,0.05930998837059052,0.25209975449024424,85.0,7739.0,8.95402775927046,1
R6801,3.5,3.7330586254935576,-0.2330586254935576,15.486885466708568,0.4746105149732863,4.280099971564974,0.013314770603926898,4.9637756661655486,0.06686720842874033,0.1919813226776815,243.0,66819.0,11.109742750219594,0
R6801,3.5,3.694829161893625,-0.1948291618936251,14.925006403922861,0.4925531525597391,4.093259413766603,0.012981725069737434,4.957019610370004,0.06482599626742781,0.1846342445200717,240.0,54654.0,10.908777683972865,1
R7220,3.5,2.9309099969429377,0.5690900030570623,16.13001022494887,0.3430470347648261,14.540677474944538,0.1054675248096152,2.3803292642183425,0.16820040899795502,0.628323108384458,14.0,1956.0,7.578656850594762,1
R7315,3.5,3.3955991572155497,0.10440084278445028,15.196383121232413,0.35164099129269927,1.3958472873409242,0.017500961172230857,4.266290009887075,0.03951774949765573,0.17782987273945078,91.0,2986.0,8.001689978099135,0
R7444,3.5,3.6618030883096466,-0.16180308830964663,10.57389167403912,0.23365772141944363,2.3653064386306735,0.04847353428484595,3.3290903335513358,0.12186091435930457,0.38192208628461044,41.0,12424.0,9.427385364828522,0
